,loss,mae,mse,rmse,epoch
0,5.3645124435424805,1.8151661157608032,5.3645124435424805,2.3161416053771973,0
1,0.9261747002601624,0.753795862197876,0.9261747002601624,0.9623796939849854,1
2,0.8571958541870117,0.7268550992012024,0.8571958541870117,0.9258487224578857,2
3,0.8235796689987183,0.7115978002548218,0.8235796689987183,0.907512903213501,3
4,0.79819655418396,0.6995204091072083,0.79819655418396,0.8934184312820435,4
